제품,자료,다운로드 링크
GO-DIRECT-main,대표 이미지,https://going-kr.github.io/Downloads/downloads/go-direct-main/product-front.png
GO-DIRECT-main,뒷면 이미지,https://going-kr.github.io/Downloads/downloads/go-direct-main/product-back.png
GO-DIRECT-main,선화 이미지,https://going-kr.github.io/Downloads/downloads/go-direct-main/product-line.png
GO-DIRECT-main,제품 사용설명서 PDF,https://going-kr.github.io/Downloads/downloads/go-direct-main/manual.pdf
GO-DIRECT-main,사용설명서 1쪽 이미지,https://going-kr.github.io/Downloads/downloads/go-direct-main/manual-page-1.png
GO-DIRECT-main,사용설명서 2쪽 이미지,https://going-kr.github.io/Downloads/downloads/go-direct-main/manual-page-2.png
GO-DIRECT-main,사용설명서 3쪽 이미지,https://going-kr.github.io/Downloads/downloads/go-direct-main/manual-page-3.png
GO-DIRECT-STAGE3,대표 이미지,https://going-kr.github.io/Downloads/downloads/go-direct-stage3/product-front.png
GO-DIRECT-STAGE3,뒷면 이미지,https://going-kr.github.io/Downloads/downloads/go-direct-stage3/product-back.png
GO-DIRECT-STAGE3,선화 이미지,https://going-kr.github.io/Downloads/downloads/go-direct-stage3/product-line.png
GO-DIRECT-STAGE3,제품 사용설명서 PDF,https://going-kr.github.io/Downloads/downloads/go-direct-stage3/manual.pdf
GO-DIRECT-STAGE3,사용설명서 1쪽 이미지,https://going-kr.github.io/Downloads/downloads/go-direct-stage3/manual-page-1.png
GO-DIRECT-STAGE3,사용설명서 2쪽 이미지,https://going-kr.github.io/Downloads/downloads/go-direct-stage3/manual-page-2.png
GO-DIRECT-STAGE3,사용설명서 3쪽 이미지,https://going-kr.github.io/Downloads/downloads/go-direct-stage3/manual-page-3.png
GO-PCF8574-SEN08,대표 이미지,https://going-kr.github.io/Downloads/downloads/go-pcf8574-sen08/product-front.png
GO-PCF8574-SEN08,뒷면 이미지,https://going-kr.github.io/Downloads/downloads/go-pcf8574-sen08/product-back.png
GO-PCF8574-SEN08,선화 이미지,https://going-kr.github.io/Downloads/downloads/go-pcf8574-sen08/product-line.png
GO-PCF8574-SEN08,제품 사용설명서 PDF,https://going-kr.github.io/Downloads/downloads/go-pcf8574-sen08/manual.pdf
GO-PCF8574-SEN08,사용설명서 1쪽 이미지,https://going-kr.github.io/Downloads/downloads/go-pcf8574-sen08/manual-page-1.png
GO-PCF8574-SEN08,사용설명서 2쪽 이미지,https://going-kr.github.io/Downloads/downloads/go-pcf8574-sen08/manual-page-2.png
GO-PCF8574-SEN08,사용설명서 3쪽 이미지,https://going-kr.github.io/Downloads/downloads/go-pcf8574-sen08/manual-page-3.png
GO-Pi-Zero-Main,대표 이미지,https://going-kr.github.io/Downloads/downloads/go-pi-zero-main/product-front.png
GO-Pi-Zero-Main,뒷면 이미지,https://going-kr.github.io/Downloads/downloads/go-pi-zero-main/product-back.png
GO-Pi-Zero-Main,선화 이미지,https://going-kr.github.io/Downloads/downloads/go-pi-zero-main/product-line.png
GO-Pi-Zero-Main,제품 사용설명서 PDF,https://going-kr.github.io/Downloads/downloads/go-pi-zero-main/manual.pdf
GO-Pi-Zero-Main,사용설명서 1쪽 이미지,https://going-kr.github.io/Downloads/downloads/go-pi-zero-main/manual-page-1.png
GO-Pi-Zero-Main,사용설명서 2쪽 이미지,https://going-kr.github.io/Downloads/downloads/go-pi-zero-main/manual-page-2.png
GO-Pi-Zero-Main,사용설명서 3쪽 이미지,https://going-kr.github.io/Downloads/downloads/go-pi-zero-main/manual-page-3.png
GO-RP2040-CB08,대표 이미지,https://going-kr.github.io/Downloads/downloads/go-rp2040-cb08/product-front.png
GO-RP2040-CB08,뒷면 이미지,https://going-kr.github.io/Downloads/downloads/go-rp2040-cb08/product-back.png
GO-RP2040-CB08,선화 이미지,https://going-kr.github.io/Downloads/downloads/go-rp2040-cb08/product-line.png
GO-RP2040-CB08,제품 사용설명서 PDF,https://going-kr.github.io/Downloads/downloads/go-rp2040-cb08/manual.pdf
GO-RP2040-CB08,사용설명서 1쪽 이미지,https://going-kr.github.io/Downloads/downloads/go-rp2040-cb08/manual-page-1.png
GO-RP2040-CB08,사용설명서 2쪽 이미지,https://going-kr.github.io/Downloads/downloads/go-rp2040-cb08/manual-page-2.png
GO-RP2040-CB08,사용설명서 3쪽 이미지,https://going-kr.github.io/Downloads/downloads/go-rp2040-cb08/manual-page-3.png
GO-RP2350-CB04T04,대표 이미지,https://going-kr.github.io/Downloads/downloads/go-rp2350-cb04t04/product-front.png
GO-RP2350-CB04T04,뒷면 이미지,https://going-kr.github.io/Downloads/downloads/go-rp2350-cb04t04/product-back.png
GO-RP2350-CB04T04,선화 이미지,https://going-kr.github.io/Downloads/downloads/go-rp2350-cb04t04/product-line.png
GO-RP2350-CB04T04,제품 사용설명서 PDF,https://going-kr.github.io/Downloads/downloads/go-rp2350-cb04t04/manual.pdf
GO-RP2350-CB04T04,사용설명서 1쪽 이미지,https://going-kr.github.io/Downloads/downloads/go-rp2350-cb04t04/manual-page-1.png
GO-RP2350-CB04T04,사용설명서 2쪽 이미지,https://going-kr.github.io/Downloads/downloads/go-rp2350-cb04t04/manual-page-2.png
GO-RP2350-CB04T04,사용설명서 3쪽 이미지,https://going-kr.github.io/Downloads/downloads/go-rp2350-cb04t04/manual-page-3.png
GO-RP2350-CB04T04,사용설명서 4쪽 이미지,https://going-kr.github.io/Downloads/downloads/go-rp2350-cb04t04/manual-page-4.png
GO-STAGE-RD8,대표 이미지,https://going-kr.github.io/Downloads/downloads/go-stage-rd8/product-front.png
GO-STAGE-RD8,뒷면 이미지,https://going-kr.github.io/Downloads/downloads/go-stage-rd8/product-back.png
GO-STAGE-RD8,선화 이미지,https://going-kr.github.io/Downloads/downloads/go-stage-rd8/product-line.png
GO-STAGE-RD8,제품 사용설명서 PDF,https://going-kr.github.io/Downloads/downloads/go-stage-rd8/manual.pdf
GO-STAGE-RD8,사용설명서 1쪽 이미지,https://going-kr.github.io/Downloads/downloads/go-stage-rd8/manual-page-1.png
GO-STAGE-RD8,사용설명서 2쪽 이미지,https://going-kr.github.io/Downloads/downloads/go-stage-rd8/manual-page-2.png
GO-STAGE-RD8,사용설명서 3쪽 이미지,https://going-kr.github.io/Downloads/downloads/go-stage-rd8/manual-page-3.png
GO-STAGE-SW5,대표 이미지,https://going-kr.github.io/Downloads/downloads/go-stage-sw5/product-front.png
GO-STAGE-SW5,뒷면 이미지,https://going-kr.github.io/Downloads/downloads/go-stage-sw5/product-back.png
GO-STAGE-SW5,선화 이미지,https://going-kr.github.io/Downloads/downloads/go-stage-sw5/product-line.png
GO-STAGE-SW5,제품 사용설명서 PDF,https://going-kr.github.io/Downloads/downloads/go-stage-sw5/manual.pdf
GO-STAGE-SW5,사용설명서 1쪽 이미지,https://going-kr.github.io/Downloads/downloads/go-stage-sw5/manual-page-1.png
GO-STAGE-SW5,사용설명서 2쪽 이미지,https://going-kr.github.io/Downloads/downloads/go-stage-sw5/manual-page-2.png
GO-STAGE-SW5,사용설명서 3쪽 이미지,https://going-kr.github.io/Downloads/downloads/go-stage-sw5/manual-page-3.png
GO-SUB-AD04,대표 이미지,https://going-kr.github.io/Downloads/downloads/go-sub-ad04/product-front.png
GO-SUB-AD04,뒷면 이미지,https://going-kr.github.io/Downloads/downloads/go-sub-ad04/product-back.png
GO-SUB-AD04,선화 이미지,https://going-kr.github.io/Downloads/downloads/go-sub-ad04/product-line.png
GO-SUB-AD04,제품 사용설명서 PDF,https://going-kr.github.io/Downloads/downloads/go-sub-ad04/manual.pdf
GO-SUB-AD04,사용설명서 1쪽 이미지,https://going-kr.github.io/Downloads/downloads/go-sub-ad04/manual-page-1.png
GO-SUB-AD04,사용설명서 2쪽 이미지,https://going-kr.github.io/Downloads/downloads/go-sub-ad04/manual-page-2.png
GO-SUB-AD04,사용설명서 3쪽 이미지,https://going-kr.github.io/Downloads/downloads/go-sub-ad04/manual-page-3.png
GO-SUB-CB08,대표 이미지,https://going-kr.github.io/Downloads/downloads/go-sub-cb08/product-front.png
GO-SUB-CB08,뒷면 이미지,https://going-kr.github.io/Downloads/downloads/go-sub-cb08/product-back.png
GO-SUB-CB08,선화 이미지,https://going-kr.github.io/Downloads/downloads/go-sub-cb08/product-line.png
GO-SUB-CB08,제품 사용설명서 PDF,https://going-kr.github.io/Downloads/downloads/go-sub-cb08/manual.pdf
GO-SUB-CB08,사용설명서 1쪽 이미지,https://going-kr.github.io/Downloads/downloads/go-sub-cb08/manual-page-1.png
GO-SUB-CB08,사용설명서 2쪽 이미지,https://going-kr.github.io/Downloads/downloads/go-sub-cb08/manual-page-2.png
GO-SUB-CB08,사용설명서 3쪽 이미지,https://going-kr.github.io/Downloads/downloads/go-sub-cb08/manual-page-3.png
GO-SUB-DA04,대표 이미지,https://going-kr.github.io/Downloads/downloads/go-sub-da04/product-front.png
GO-SUB-DA04,뒷면 이미지,https://going-kr.github.io/Downloads/downloads/go-sub-da04/product-back.png
GO-SUB-DA04,선화 이미지,https://going-kr.github.io/Downloads/downloads/go-sub-da04/product-line.png
GO-SUB-DA04,제품 사용설명서 PDF,https://going-kr.github.io/Downloads/downloads/go-sub-da04/manual.pdf
GO-SUB-DA04,사용설명서 1쪽 이미지,https://going-kr.github.io/Downloads/downloads/go-sub-da04/manual-page-1.png
GO-SUB-DA04,사용설명서 2쪽 이미지,https://going-kr.github.io/Downloads/downloads/go-sub-da04/manual-page-2.png
GO-SUB-DA04,사용설명서 3쪽 이미지,https://going-kr.github.io/Downloads/downloads/go-sub-da04/manual-page-3.png
