제품,자료,공개다운로드URL,전달폴더내경로,제품게시상태
GO-DIRECT-MAIN,사용설명서 1쪽 이미지,https://going-kr.github.io/Downloads/downloads/go-direct-main/manual-page-1.png,03_웹게시용자료/downloads/go-direct-main/manual-page-1.png,draft_requires_review
GO-DIRECT-MAIN,사용설명서 2쪽 이미지,https://going-kr.github.io/Downloads/downloads/go-direct-main/manual-page-2.png,03_웹게시용자료/downloads/go-direct-main/manual-page-2.png,draft_requires_review
GO-DIRECT-MAIN,사용설명서 3쪽 이미지,https://going-kr.github.io/Downloads/downloads/go-direct-main/manual-page-3.png,03_웹게시용자료/downloads/go-direct-main/manual-page-3.png,draft_requires_review
GO-DIRECT-MAIN,제품 사용설명서 PDF,https://going-kr.github.io/Downloads/downloads/go-direct-main/manual.pdf,03_웹게시용자료/downloads/go-direct-main/manual.pdf,draft_requires_review
GO-DIRECT-MAIN,뒷면 이미지,https://going-kr.github.io/Downloads/downloads/go-direct-main/product-back.png,03_웹게시용자료/downloads/go-direct-main/product-back.png,draft_requires_review
GO-DIRECT-MAIN,대표 이미지,https://going-kr.github.io/Downloads/downloads/go-direct-main/product-front.png,03_웹게시용자료/downloads/go-direct-main/product-front.png,draft_requires_review
GO-DIRECT-MAIN,선화 이미지,https://going-kr.github.io/Downloads/downloads/go-direct-main/product-line.png,03_웹게시용자료/downloads/go-direct-main/product-line.png,draft_requires_review
GO-DIRECT-CB3,사용설명서 1쪽 이미지,https://going-kr.github.io/Downloads/downloads/go-direct-stage3/manual-page-1.png,03_웹게시용자료/downloads/go-direct-stage3/manual-page-1.png,draft_requires_review
GO-DIRECT-CB3,사용설명서 2쪽 이미지,https://going-kr.github.io/Downloads/downloads/go-direct-stage3/manual-page-2.png,03_웹게시용자료/downloads/go-direct-stage3/manual-page-2.png,draft_requires_review
GO-DIRECT-CB3,사용설명서 3쪽 이미지,https://going-kr.github.io/Downloads/downloads/go-direct-stage3/manual-page-3.png,03_웹게시용자료/downloads/go-direct-stage3/manual-page-3.png,draft_requires_review
GO-DIRECT-CB3,제품 사용설명서 PDF,https://going-kr.github.io/Downloads/downloads/go-direct-stage3/manual.pdf,03_웹게시용자료/downloads/go-direct-stage3/manual.pdf,draft_requires_review
GO-DIRECT-CB3,뒷면 이미지,https://going-kr.github.io/Downloads/downloads/go-direct-stage3/product-back.png,03_웹게시용자료/downloads/go-direct-stage3/product-back.png,draft_requires_review
GO-DIRECT-CB3,대표 이미지,https://going-kr.github.io/Downloads/downloads/go-direct-stage3/product-front.png,03_웹게시용자료/downloads/go-direct-stage3/product-front.png,draft_requires_review
GO-DIRECT-CB3,선화 이미지,https://going-kr.github.io/Downloads/downloads/go-direct-stage3/product-line.png,03_웹게시용자료/downloads/go-direct-stage3/product-line.png,draft_requires_review
GO-PCF8574-SEN08,사용설명서 1쪽 이미지,https://going-kr.github.io/Downloads/downloads/go-pcf8574-sen08/manual-page-1.png,03_웹게시용자료/downloads/go-pcf8574-sen08/manual-page-1.png,draft_requires_review
GO-PCF8574-SEN08,사용설명서 2쪽 이미지,https://going-kr.github.io/Downloads/downloads/go-pcf8574-sen08/manual-page-2.png,03_웹게시용자료/downloads/go-pcf8574-sen08/manual-page-2.png,draft_requires_review
GO-PCF8574-SEN08,사용설명서 3쪽 이미지,https://going-kr.github.io/Downloads/downloads/go-pcf8574-sen08/manual-page-3.png,03_웹게시용자료/downloads/go-pcf8574-sen08/manual-page-3.png,draft_requires_review
GO-PCF8574-SEN08,제품 사용설명서 PDF,https://going-kr.github.io/Downloads/downloads/go-pcf8574-sen08/manual.pdf,03_웹게시용자료/downloads/go-pcf8574-sen08/manual.pdf,draft_requires_review
GO-PCF8574-SEN08,뒷면 이미지,https://going-kr.github.io/Downloads/downloads/go-pcf8574-sen08/product-back.png,03_웹게시용자료/downloads/go-pcf8574-sen08/product-back.png,draft_requires_review
GO-PCF8574-SEN08,대표 이미지,https://going-kr.github.io/Downloads/downloads/go-pcf8574-sen08/product-front.png,03_웹게시용자료/downloads/go-pcf8574-sen08/product-front.png,draft_requires_review
GO-PCF8574-SEN08,선화 이미지,https://going-kr.github.io/Downloads/downloads/go-pcf8574-sen08/product-line.png,03_웹게시용자료/downloads/go-pcf8574-sen08/product-line.png,draft_requires_review
GO-Pi-Zero-Main,사용설명서 1쪽 이미지,https://going-kr.github.io/Downloads/downloads/go-pi-zero-main/manual-page-1.png,03_웹게시용자료/downloads/go-pi-zero-main/manual-page-1.png,draft_requires_review
GO-Pi-Zero-Main,사용설명서 2쪽 이미지,https://going-kr.github.io/Downloads/downloads/go-pi-zero-main/manual-page-2.png,03_웹게시용자료/downloads/go-pi-zero-main/manual-page-2.png,draft_requires_review
GO-Pi-Zero-Main,사용설명서 3쪽 이미지,https://going-kr.github.io/Downloads/downloads/go-pi-zero-main/manual-page-3.png,03_웹게시용자료/downloads/go-pi-zero-main/manual-page-3.png,draft_requires_review
GO-Pi-Zero-Main,제품 사용설명서 PDF,https://going-kr.github.io/Downloads/downloads/go-pi-zero-main/manual.pdf,03_웹게시용자료/downloads/go-pi-zero-main/manual.pdf,draft_requires_review
GO-Pi-Zero-Main,뒷면 이미지,https://going-kr.github.io/Downloads/downloads/go-pi-zero-main/product-back.png,03_웹게시용자료/downloads/go-pi-zero-main/product-back.png,draft_requires_review
GO-Pi-Zero-Main,대표 이미지,https://going-kr.github.io/Downloads/downloads/go-pi-zero-main/product-front.png,03_웹게시용자료/downloads/go-pi-zero-main/product-front.png,draft_requires_review
GO-Pi-Zero-Main,선화 이미지,https://going-kr.github.io/Downloads/downloads/go-pi-zero-main/product-line.png,03_웹게시용자료/downloads/go-pi-zero-main/product-line.png,draft_requires_review
GO-RP2040-CB08,사용설명서 1쪽 이미지,https://going-kr.github.io/Downloads/downloads/go-rp2040-cb08/manual-page-1.png,03_웹게시용자료/downloads/go-rp2040-cb08/manual-page-1.png,draft_requires_review
GO-RP2040-CB08,사용설명서 2쪽 이미지,https://going-kr.github.io/Downloads/downloads/go-rp2040-cb08/manual-page-2.png,03_웹게시용자료/downloads/go-rp2040-cb08/manual-page-2.png,draft_requires_review
GO-RP2040-CB08,사용설명서 3쪽 이미지,https://going-kr.github.io/Downloads/downloads/go-rp2040-cb08/manual-page-3.png,03_웹게시용자료/downloads/go-rp2040-cb08/manual-page-3.png,draft_requires_review
GO-RP2040-CB08,제품 사용설명서 PDF,https://going-kr.github.io/Downloads/downloads/go-rp2040-cb08/manual.pdf,03_웹게시용자료/downloads/go-rp2040-cb08/manual.pdf,draft_requires_review
GO-RP2040-CB08,뒷면 이미지,https://going-kr.github.io/Downloads/downloads/go-rp2040-cb08/product-back.png,03_웹게시용자료/downloads/go-rp2040-cb08/product-back.png,draft_requires_review
GO-RP2040-CB08,대표 이미지,https://going-kr.github.io/Downloads/downloads/go-rp2040-cb08/product-front.png,03_웹게시용자료/downloads/go-rp2040-cb08/product-front.png,draft_requires_review
GO-RP2040-CB08,선화 이미지,https://going-kr.github.io/Downloads/downloads/go-rp2040-cb08/product-line.png,03_웹게시용자료/downloads/go-rp2040-cb08/product-line.png,draft_requires_review
GO-RP2350-CB04T04,사용설명서 1쪽 이미지,https://going-kr.github.io/Downloads/downloads/go-rp2350-cb04t04/manual-page-1.png,03_웹게시용자료/downloads/go-rp2350-cb04t04/manual-page-1.png,draft_requires_review
GO-RP2350-CB04T04,사용설명서 2쪽 이미지,https://going-kr.github.io/Downloads/downloads/go-rp2350-cb04t04/manual-page-2.png,03_웹게시용자료/downloads/go-rp2350-cb04t04/manual-page-2.png,draft_requires_review
GO-RP2350-CB04T04,사용설명서 3쪽 이미지,https://going-kr.github.io/Downloads/downloads/go-rp2350-cb04t04/manual-page-3.png,03_웹게시용자료/downloads/go-rp2350-cb04t04/manual-page-3.png,draft_requires_review
GO-RP2350-CB04T04,사용설명서 4쪽 이미지,https://going-kr.github.io/Downloads/downloads/go-rp2350-cb04t04/manual-page-4.png,03_웹게시용자료/downloads/go-rp2350-cb04t04/manual-page-4.png,draft_requires_review
GO-RP2350-CB04T04,제품 사용설명서 PDF,https://going-kr.github.io/Downloads/downloads/go-rp2350-cb04t04/manual.pdf,03_웹게시용자료/downloads/go-rp2350-cb04t04/manual.pdf,draft_requires_review
GO-RP2350-CB04T04,모터 온도 측정·릴레이 출력 장치 설치·배선·화면조작 매뉴얼 v2.7,https://going-kr.github.io/Downloads/downloads/go-rp2350-cb04t04/motor-temperature-relay-manual.pdf,03_웹게시용자료/downloads/go-rp2350-cb04t04/motor-temperature-relay-manual.pdf,draft_requires_review
GO-RP2350-CB04T04,PCB 레이아웃 도면,https://going-kr.github.io/Downloads/downloads/go-rp2350-cb04t04/pcb-layout.pdf,03_웹게시용자료/downloads/go-rp2350-cb04t04/pcb-layout.pdf,draft_requires_review
GO-RP2350-CB04T04,뒷면 이미지,https://going-kr.github.io/Downloads/downloads/go-rp2350-cb04t04/product-back.png,03_웹게시용자료/downloads/go-rp2350-cb04t04/product-back.png,draft_requires_review
GO-RP2350-CB04T04,대표 이미지,https://going-kr.github.io/Downloads/downloads/go-rp2350-cb04t04/product-front.png,03_웹게시용자료/downloads/go-rp2350-cb04t04/product-front.png,draft_requires_review
GO-RP2350-CB04T04,선화 이미지,https://going-kr.github.io/Downloads/downloads/go-rp2350-cb04t04/product-line.png,03_웹게시용자료/downloads/go-rp2350-cb04t04/product-line.png,draft_requires_review
GO-RP2350-CB04T04,회로도,https://going-kr.github.io/Downloads/downloads/go-rp2350-cb04t04/schematic.pdf,03_웹게시용자료/downloads/go-rp2350-cb04t04/schematic.pdf,draft_requires_review
GO-STAGE-RD8,사용설명서 1쪽 이미지,https://going-kr.github.io/Downloads/downloads/go-stage-rd8/manual-page-1.png,03_웹게시용자료/downloads/go-stage-rd8/manual-page-1.png,draft_requires_review
GO-STAGE-RD8,사용설명서 2쪽 이미지,https://going-kr.github.io/Downloads/downloads/go-stage-rd8/manual-page-2.png,03_웹게시용자료/downloads/go-stage-rd8/manual-page-2.png,draft_requires_review
GO-STAGE-RD8,사용설명서 3쪽 이미지,https://going-kr.github.io/Downloads/downloads/go-stage-rd8/manual-page-3.png,03_웹게시용자료/downloads/go-stage-rd8/manual-page-3.png,draft_requires_review
GO-STAGE-RD8,제품 사용설명서 PDF,https://going-kr.github.io/Downloads/downloads/go-stage-rd8/manual.pdf,03_웹게시용자료/downloads/go-stage-rd8/manual.pdf,draft_requires_review
GO-STAGE-RD8,뒷면 이미지,https://going-kr.github.io/Downloads/downloads/go-stage-rd8/product-back.png,03_웹게시용자료/downloads/go-stage-rd8/product-back.png,draft_requires_review
GO-STAGE-RD8,대표 이미지,https://going-kr.github.io/Downloads/downloads/go-stage-rd8/product-front.png,03_웹게시용자료/downloads/go-stage-rd8/product-front.png,draft_requires_review
GO-STAGE-RD8,선화 이미지,https://going-kr.github.io/Downloads/downloads/go-stage-rd8/product-line.png,03_웹게시용자료/downloads/go-stage-rd8/product-line.png,draft_requires_review
GO-STAGE-SW5,사용설명서 1쪽 이미지,https://going-kr.github.io/Downloads/downloads/go-stage-sw5/manual-page-1.png,03_웹게시용자료/downloads/go-stage-sw5/manual-page-1.png,draft_requires_review
GO-STAGE-SW5,사용설명서 2쪽 이미지,https://going-kr.github.io/Downloads/downloads/go-stage-sw5/manual-page-2.png,03_웹게시용자료/downloads/go-stage-sw5/manual-page-2.png,draft_requires_review
GO-STAGE-SW5,사용설명서 3쪽 이미지,https://going-kr.github.io/Downloads/downloads/go-stage-sw5/manual-page-3.png,03_웹게시용자료/downloads/go-stage-sw5/manual-page-3.png,draft_requires_review
GO-STAGE-SW5,제품 사용설명서 PDF,https://going-kr.github.io/Downloads/downloads/go-stage-sw5/manual.pdf,03_웹게시용자료/downloads/go-stage-sw5/manual.pdf,draft_requires_review
GO-STAGE-SW5,뒷면 이미지,https://going-kr.github.io/Downloads/downloads/go-stage-sw5/product-back.png,03_웹게시용자료/downloads/go-stage-sw5/product-back.png,draft_requires_review
GO-STAGE-SW5,대표 이미지,https://going-kr.github.io/Downloads/downloads/go-stage-sw5/product-front.png,03_웹게시용자료/downloads/go-stage-sw5/product-front.png,draft_requires_review
GO-STAGE-SW5,선화 이미지,https://going-kr.github.io/Downloads/downloads/go-stage-sw5/product-line.png,03_웹게시용자료/downloads/go-stage-sw5/product-line.png,draft_requires_review
GO-SUB-AD04,사용설명서 1쪽 이미지,https://going-kr.github.io/Downloads/downloads/go-sub-ad04/manual-page-1.png,03_웹게시용자료/downloads/go-sub-ad04/manual-page-1.png,draft_requires_review
GO-SUB-AD04,사용설명서 2쪽 이미지,https://going-kr.github.io/Downloads/downloads/go-sub-ad04/manual-page-2.png,03_웹게시용자료/downloads/go-sub-ad04/manual-page-2.png,draft_requires_review
GO-SUB-AD04,사용설명서 3쪽 이미지,https://going-kr.github.io/Downloads/downloads/go-sub-ad04/manual-page-3.png,03_웹게시용자료/downloads/go-sub-ad04/manual-page-3.png,draft_requires_review
GO-SUB-AD04,제품 사용설명서 PDF,https://going-kr.github.io/Downloads/downloads/go-sub-ad04/manual.pdf,03_웹게시용자료/downloads/go-sub-ad04/manual.pdf,draft_requires_review
GO-SUB-AD04,뒷면 이미지,https://going-kr.github.io/Downloads/downloads/go-sub-ad04/product-back.png,03_웹게시용자료/downloads/go-sub-ad04/product-back.png,draft_requires_review
GO-SUB-AD04,대표 이미지,https://going-kr.github.io/Downloads/downloads/go-sub-ad04/product-front.png,03_웹게시용자료/downloads/go-sub-ad04/product-front.png,draft_requires_review
GO-SUB-AD04,선화 이미지,https://going-kr.github.io/Downloads/downloads/go-sub-ad04/product-line.png,03_웹게시용자료/downloads/go-sub-ad04/product-line.png,draft_requires_review
GO-SUB-CB08,사용설명서 1쪽 이미지,https://going-kr.github.io/Downloads/downloads/go-sub-cb08/manual-page-1.png,03_웹게시용자료/downloads/go-sub-cb08/manual-page-1.png,draft_requires_review
GO-SUB-CB08,사용설명서 2쪽 이미지,https://going-kr.github.io/Downloads/downloads/go-sub-cb08/manual-page-2.png,03_웹게시용자료/downloads/go-sub-cb08/manual-page-2.png,draft_requires_review
GO-SUB-CB08,사용설명서 3쪽 이미지,https://going-kr.github.io/Downloads/downloads/go-sub-cb08/manual-page-3.png,03_웹게시용자료/downloads/go-sub-cb08/manual-page-3.png,draft_requires_review
GO-SUB-CB08,제품 사용설명서 PDF,https://going-kr.github.io/Downloads/downloads/go-sub-cb08/manual.pdf,03_웹게시용자료/downloads/go-sub-cb08/manual.pdf,draft_requires_review
GO-SUB-CB08,뒷면 이미지,https://going-kr.github.io/Downloads/downloads/go-sub-cb08/product-back.png,03_웹게시용자료/downloads/go-sub-cb08/product-back.png,draft_requires_review
GO-SUB-CB08,대표 이미지,https://going-kr.github.io/Downloads/downloads/go-sub-cb08/product-front.png,03_웹게시용자료/downloads/go-sub-cb08/product-front.png,draft_requires_review
GO-SUB-CB08,선화 이미지,https://going-kr.github.io/Downloads/downloads/go-sub-cb08/product-line.png,03_웹게시용자료/downloads/go-sub-cb08/product-line.png,draft_requires_review
GO-SUB-DA04,사용설명서 1쪽 이미지,https://going-kr.github.io/Downloads/downloads/go-sub-da04/manual-page-1.png,03_웹게시용자료/downloads/go-sub-da04/manual-page-1.png,draft_requires_review
GO-SUB-DA04,사용설명서 2쪽 이미지,https://going-kr.github.io/Downloads/downloads/go-sub-da04/manual-page-2.png,03_웹게시용자료/downloads/go-sub-da04/manual-page-2.png,draft_requires_review
GO-SUB-DA04,사용설명서 3쪽 이미지,https://going-kr.github.io/Downloads/downloads/go-sub-da04/manual-page-3.png,03_웹게시용자료/downloads/go-sub-da04/manual-page-3.png,draft_requires_review
GO-SUB-DA04,제품 사용설명서 PDF,https://going-kr.github.io/Downloads/downloads/go-sub-da04/manual.pdf,03_웹게시용자료/downloads/go-sub-da04/manual.pdf,draft_requires_review
GO-SUB-DA04,뒷면 이미지,https://going-kr.github.io/Downloads/downloads/go-sub-da04/product-back.png,03_웹게시용자료/downloads/go-sub-da04/product-back.png,draft_requires_review
GO-SUB-DA04,대표 이미지,https://going-kr.github.io/Downloads/downloads/go-sub-da04/product-front.png,03_웹게시용자료/downloads/go-sub-da04/product-front.png,draft_requires_review
GO-SUB-DA04,선화 이미지,https://going-kr.github.io/Downloads/downloads/go-sub-da04/product-line.png,03_웹게시용자료/downloads/go-sub-da04/product-line.png,draft_requires_review
PI-IO8R,설명서 WebP,https://going-kr.github.io/Downloads/downloads/pi-io8r/manual.webp,03_웹게시용자료/downloads/pi-io8r/manual.webp,status_requires_confirmation
PI-IO8R,회로도 WebP,https://going-kr.github.io/Downloads/downloads/pi-io8r/schematic.webp,03_웹게시용자료/downloads/pi-io8r/schematic.webp,status_requires_confirmation
ZPI-IO8R,설명서 이미지 PDF,https://going-kr.github.io/Downloads/downloads/zpi-io8r/manual-image.pdf,03_웹게시용자료/downloads/zpi-io8r/manual-image.pdf,deprecated
ZPI-IO8R,사용 설명서 이미지,https://going-kr.github.io/Downloads/downloads/zpi-io8r/manual-image.webp,03_웹게시용자료/downloads/zpi-io8r/manual-image.webp,deprecated
ZPI-IO8R,사용 메뉴얼,https://going-kr.github.io/Downloads/downloads/zpi-io8r/manual.pdf,03_웹게시용자료/downloads/zpi-io8r/manual.pdf,deprecated
ZPI-IO8R,회로도,https://going-kr.github.io/Downloads/downloads/zpi-io8r/schematic.png,03_웹게시용자료/downloads/zpi-io8r/schematic.png,deprecated
ZPI-IO8R,회로도 WebP,https://going-kr.github.io/Downloads/downloads/zpi-io8r/schematic.webp,03_웹게시용자료/downloads/zpi-io8r/schematic.webp,deprecated
