제품명,원본식별자,분류,제품군,게시상태,한줄소개,권장상세페이지,설명서URL,비고
GO-DIRECT-MAIN,GO-DIRECT-main,GO-DIRECT 시스템,GO-DIRECT 시스템,draft_requires_review,RP2040 기반 GO-DIRECT 메인 보드 — 이더넷 · RS-485 2채널 · 확장 I2C 버스 2계통,/products/go-direct-main/,https://going-kr.github.io/Downloads/downloads/go-direct-main/manual.pdf,원본에 임시·미확인 사양이 포함되어 있습니다. 90_내부검토_게시금지 확인 후 게시하세요.
GO-DIRECT-CB3,GO-DIRECT-STAGE3,GO-DIRECT 시스템,GO-DIRECT 시스템,draft_requires_review,GO-DIRECT 기계장치 확장 보드 — UP/DOWN 릴레이 3채널 · 리밋 입력 6점 · OCR 입력 3점,/products/go-direct-stage3/,https://going-kr.github.io/Downloads/downloads/go-direct-stage3/manual.pdf,원본에 임시·미확인 사양이 포함되어 있습니다. 90_내부검토_게시금지 확인 후 게시하세요.
GO-PCF8574-SEN08,GO-PCF8574-SEN08,단독 제어 · 센서 확장,,draft_requires_review,PCF8574 I2C 센서 입력 확장 보드 — 절연 입력 8점 · NPN/PNP 선택 · 주소 설정 스위치,/products/go-pcf8574-sen08/,https://going-kr.github.io/Downloads/downloads/go-pcf8574-sen08/manual.pdf,원본에 임시·미확인 사양이 포함되어 있습니다. 90_내부검토_게시금지 확인 후 게시하세요.
GO-Pi-Zero-Main,GO-Pi-Zero-Main,라즈베리파이 · CAN 확장,Senbrix,draft_requires_review,라즈베리파이 Zero 2 장착 메인보드 — 유선 이더넷 · SUB 보드용 CAN 확장 버스 · 절연 RS-485,/products/go-pi-zero-main/,https://going-kr.github.io/Downloads/downloads/go-pi-zero-main/manual.pdf,원본에 임시·미확인 사양이 포함되어 있습니다. 90_내부검토_게시금지 확인 후 게시하세요.
GO-RP2040-CB08,GO-RP2040-CB08,단독 제어 · 센서 확장,Senbrino,draft_requires_review,RP2040 기반 산업용 제어 보드 — 절연 입력 4점 · 릴레이 출력 4점 · 절연 RS-485 2채널,/products/go-rp2040-cb08/,https://going-kr.github.io/Downloads/downloads/go-rp2040-cb08/manual.pdf,원본에 임시·미확인 사양이 포함되어 있습니다. 90_내부검토_게시금지 확인 후 게시하세요.
GO-RP2350-CB04T04,GO-RP2350-CB04T04,단독 제어 · 센서 확장,,draft_requires_review,RP2350 2인치 터치 LCD 모듈 캐리어 보드 — 입출력 각 2점 · 아날로그 4채널 · RS-485 · 이더넷,/products/go-rp2350-cb04t04/,https://going-kr.github.io/Downloads/downloads/go-rp2350-cb04t04/manual.pdf,원본에 임시·미확인 사양이 포함되어 있습니다. 90_내부검토_게시금지 확인 후 게시하세요.
GO-STAGE-RD8,GO-STAGE-RD8,GO-DIRECT 시스템,GO-DIRECT 시스템,draft_requires_review,GO-DIRECT RD장치 확장 보드 — 릴레이 출력 8점 · 수동 DIP 스위치 · I2C 주소 설정,/products/go-stage-rd8/,https://going-kr.github.io/Downloads/downloads/go-stage-rd8/manual.pdf,원본에 임시·미확인 사양이 포함되어 있습니다. 90_내부검토_게시금지 확인 후 게시하세요.
GO-STAGE-SW5,GO-STAGE-SW5,GO-DIRECT 시스템,GO-DIRECT 시스템,draft_requires_review,GO-DIRECT 스위치 확장 보드 — 스위치 입력 20점 · 출력 20점 · 5채널 커넥터,/products/go-stage-sw5/,https://going-kr.github.io/Downloads/downloads/go-stage-sw5/manual.pdf,원본에 임시·미확인 사양이 포함되어 있습니다. 90_내부검토_게시금지 확인 후 게시하세요.
GO-SUB-AD04,GO-SUB-AD04,라즈베리파이 · CAN 확장,Senbrix,draft_requires_review,RP2040 기반 확장(SUB) 보드 — 차동 아날로그 입력 4채널 · 16비트 ADC · CAN 통신,/products/go-sub-ad04/,https://going-kr.github.io/Downloads/downloads/go-sub-ad04/manual.pdf,원본에 임시·미확인 사양이 포함되어 있습니다. 90_내부검토_게시금지 확인 후 게시하세요.
GO-SUB-CB08,GO-SUB-CB08,라즈베리파이 · CAN 확장,Senbrix,draft_requires_review,RP2040 기반 확장(SUB) 보드 — 절연 입력 4점 · 릴레이 출력 4점 · CAN 통신,/products/go-sub-cb08/,https://going-kr.github.io/Downloads/downloads/go-sub-cb08/manual.pdf,원본에 임시·미확인 사양이 포함되어 있습니다. 90_내부검토_게시금지 확인 후 게시하세요.
GO-SUB-DA04,GO-SUB-DA04,라즈베리파이 · CAN 확장,Senbrix,draft_requires_review,RP2040 기반 확장(SUB) 보드 — 아날로그 전압 출력 4채널 · 출력 전원 12~24V · CAN 통신,/products/go-sub-da04/,https://going-kr.github.io/Downloads/downloads/go-sub-da04/manual.pdf,원본에 임시·미확인 사양이 포함되어 있습니다. 90_내부검토_게시금지 확인 후 게시하세요.
PI-IO8R,PI-IO8R,기존 제품 자료,,status_requires_confirmation,,,https://going-kr.github.io/Downloads/downloads/pi-io8r/manual.webp,기존 설명서·회로도만 제공되어 있습니다. 판매 여부·제품명·사양은 확인 후 소개 페이지를 작성하세요.
ZPI-IO8R,ZPI-IO8R,기존 제품 자료,,deprecated,,,https://going-kr.github.io/Downloads/downloads/zpi-io8r/manual.pdf,사용자 요청으로 지원 종료. 현재 제품 소개 목록에서 제외하고 지원 종료 제품 자료에 표시하세요.
