파일,바이트,SHA256
00_시작하기.html,6424,d2ffca8ed3a542a2a073e4a379fa17e9473058b621a164667d5f54f8d983c44e
00_읽어주세요.md,1835,9e601b8febf3e9d93a5355a5c0d01af5a5329989f96dea341bcf5caec71e74f6
01_홈페이지제작요청서.md,3805,a4bff8a17e67c744b8d04264e03e9be15498775f067c9669351f86f34a38f0e0
02_제품콘텐츠/go-direct-main.json,13712,db972f0dc9c3d44aecd1a26d9dfefb16eb332e93cae0aeb389bf2c6c9db6c980
02_제품콘텐츠/go-direct-main.md,2276,6576269e1d8e9d8cf02c27941b2661a2bb45e393268f2e0406a2fb6c243cb1be
02_제품콘텐츠/go-direct-stage3.json,11449,1e218ce9a0295da0ed9641b0d278f66847be26d46a31e680b14bbcccc267ca8a
02_제품콘텐츠/go-direct-stage3.md,2285,86b16bb23a9b677e4f339be86aa4607ee75d9b9a14584aded5dbfd85b1df95d9
02_제품콘텐츠/go-pcf8574-sen08.json,8447,67dda8c458e2972d1fef4276c1953f9f702cf5fe3a9cce560037dc4feff3d1ec
02_제품콘텐츠/go-pcf8574-sen08.md,2119,3dcb7ac00061d4cf9be7d9f05350279d24ed9841b16ed7b8b1fddd55fa170916
02_제품콘텐츠/go-pi-zero-main.json,11005,3b061f05938dbcb7cb34fdb960e6e0b42de2ed4ee0efbe944eb2a09b0cbc971d
02_제품콘텐츠/go-pi-zero-main.md,2101,d383b18208ee21b435e400d5ea664f00d73263c05619088400b57bca072e76ae
02_제품콘텐츠/go-rp2040-cb08.json,13059,f5b1f00884ca226c85ba82d3d133ad7536fecdef085269b3144c8e4b19f8a950
02_제품콘텐츠/go-rp2040-cb08.md,2095,e7f3bdff28902f2fa14bf1581e19a9b6c1aaaf0160ef55045d3deeb7b6c075ef
02_제품콘텐츠/go-rp2350-cb04t04.json,12013,26a0c4ddfd166d16dbbbfee2bd74cf69a91f91c97ccd183077d1b284d14de4d7
02_제품콘텐츠/go-rp2350-cb04t04.md,2233,e957fbddb7671545438031e34fec8319f80e80ea6b294c56a624493e58ba35e1
02_제품콘텐츠/go-stage-rd8.json,6973,6085a4ef1ed3e6fc5424619a6fece2e5dfe86311ebb4b116a32fab152f3c1be2
02_제품콘텐츠/go-stage-rd8.md,2037,2b9e06e626a922ce58745db41dc1111ee131792d8898236accfed35fa2fc3e05
02_제품콘텐츠/go-stage-sw5.json,11193,12c8669262090b3ec4bebe72bfac96563e3328481a8bbb6013f2bc21e7dba81f
02_제품콘텐츠/go-stage-sw5.md,2158,a04b7cba8f8646f1ebca8dc0779d31eaa0141ec05e288e526a54cfe1342940f2
02_제품콘텐츠/go-sub-ad04.json,10337,a6c12e2dc7467ad9af5af89786375f0d12e92bc80a6aefc3705bd52feb9980dc
02_제품콘텐츠/go-sub-ad04.md,2147,f8f861058515a5123584637a8940afb4cb1c883e2831eecde0ac2f1ab719ce0d
02_제품콘텐츠/go-sub-cb08.json,11354,1ab98aa5f90bcd8e7df69d7948c999f57b2eeb15e3f53486c448cc825ea92592
02_제품콘텐츠/go-sub-cb08.md,2069,60da6cdceac128d5c8839cadc9b242a650d043c7abaf160378dca87337716230
02_제품콘텐츠/go-sub-da04.json,10353,6fb88784b2391025e0b2e85f2250151892a06c2292e171b23896decf03efec45
02_제품콘텐츠/go-sub-da04.md,2185,de3ec7ea47134a50fc202fda767c6924d9edbb81d4c9698f1835f2451612c505
02_제품콘텐츠/pi-io8r.json,456,c86ca5aaf774faa95566f396855bedf2d6637e9116f91868f5df151b321c73c8
02_제품콘텐츠/pi-io8r.md,298,5687fc73abba2faae9017a6c80c45b3bcb73d607dd250ba9116d5e7ce228c512
02_제품콘텐츠/products.json,144354,5263d2123cd78df786d85d5477b900a7f76ecaa876cd23fc111f228083abeaa5
02_제품콘텐츠/zpi-io8r.json,432,c0f94f1359637b161f83e32e94e8bd0680a746cf02c410831232aead0a9b7e42
02_제품콘텐츠/zpi-io8r.md,291,d1547226c2ff9f3eacb8aede8a75cb782f10548b1d32dddf8067c9cd1e8516d3
03_웹게시용자료/downloads/go-direct-main/manual-page-1.png,592814,20858948e9c591daeab1690d81745a83dd73064506bfc8c19a7e2aad6755bd80
03_웹게시용자료/downloads/go-direct-main/manual-page-2.png,374362,eec5afe2da76b880515b491d2e54e49a3c699d6b13b42d753de0b9c22ea1bff2
03_웹게시용자료/downloads/go-direct-main/manual-page-3.png,311597,6eebadc3eace14eb5acb7e168845137f9c47d6ecc8f5b02dcea40eb5d3d22283
03_웹게시용자료/downloads/go-direct-main/manual.pdf,1222145,274b1d054a6592e0c22f434f3e83b5f3b34484cfd2b7b5ddcd4e8e690951b9e0
03_웹게시용자료/downloads/go-direct-main/product-back.png,163738,404570560146fe78ef7ddab5a83c5ae12df4581f05624c47e06c9dbec0f1ffd9
03_웹게시용자료/downloads/go-direct-main/product-front.png,491367,1882578137ab5af7f8980663946649e1a12f0c280d07f310c2c827de4c396ccf
03_웹게시용자료/downloads/go-direct-main/product-line.png,199676,a92ad95dccd7211ca9b1cb6ba8e013f7ecd95a392686ac045454609e7e3ccb63
03_웹게시용자료/downloads/go-direct-main/release.json,1243,6856066eb4bddc4bdb72c6ff9fe5580a69993e0cdea28013f7baf696d68d70de
03_웹게시용자료/downloads/go-direct-stage3/manual-page-1.png,523957,886c062a8c833e76de83486c24263d1ee76a45ad8304c5036d9b40137eef85d1
03_웹게시용자료/downloads/go-direct-stage3/manual-page-2.png,352642,fb3d2782cac757b5b98f7741e603091baa13af48b4b6305e4eeb94d621d602da
03_웹게시용자료/downloads/go-direct-stage3/manual-page-3.png,278414,e135b3f04ef35eb198f00fae350ec63476325ea360602806da94cba8b3b5444c
03_웹게시용자료/downloads/go-direct-stage3/manual.pdf,1035555,35f85d2a325b181d03a577ed6f77defe6f087edce74caff3e612d02391e1cf65
03_웹게시용자료/downloads/go-direct-stage3/product-back.png,125378,c4219a6b2ab0d1814d392aea94f88f16c5f9b19e40ce9d538a61560b26d9f65b
03_웹게시용자료/downloads/go-direct-stage3/product-front.png,379648,c6df4b842f297ee5989b4cb6a09c373501635e26a88881069b39bdb9911c95a7
03_웹게시용자료/downloads/go-direct-stage3/product-line.png,174587,bcc2ab9a4b6fdc14225874184dc1d7a044b955c448241a2468ecac4063d0bda8
03_웹게시용자료/downloads/go-direct-stage3/release.json,1259,af1c7ae1abffc5cd38f2a9f5e7afddc6ff2593d8b19998124ca06889b3ded11a
03_웹게시용자료/downloads/go-pcf8574-sen08/manual-page-1.png,415607,415c709137df39b64bb575a875da2dca12ef633104fe2fa8a5ee46051a689c31
03_웹게시용자료/downloads/go-pcf8574-sen08/manual-page-2.png,264442,74e91ba38dddcb2970a56703add8bc8120df094933a5973552e13a86d1341a93
03_웹게시용자료/downloads/go-pcf8574-sen08/manual-page-3.png,166244,7673dd4385eaaff6aa92b6dc5fb1b3ee47ad4e2287dc49d14ac76a5048b751ee
03_웹게시용자료/downloads/go-pcf8574-sen08/manual.pdf,664542,1ddbba50cb8d7a482ab6c7294adc4c5540a4ccb9213ff3bb8f86c31c7d006490
03_웹게시용자료/downloads/go-pcf8574-sen08/product-back.png,141749,67044beea94257b5631723c6c824ded2fe246447772b91f50739b1b7e72a845d
03_웹게시용자료/downloads/go-pcf8574-sen08/product-front.png,178997,e40721b692045dcedc7b3d904ff2025eb9916d4c100023747287fcbb9300ffb6
03_웹게시용자료/downloads/go-pcf8574-sen08/product-line.png,84288,9e6e0ec7f098d0e7573c96b00a33b1f9f5ec8557bdd7feac9ab20961e29109dd
03_웹게시용자료/downloads/go-pcf8574-sen08/release.json,1259,d576927ef03ab0d9549e1363606cafc6d92a4d701cd519bbb527837a3a3f8ad1
03_웹게시용자료/downloads/go-pi-zero-main/manual-page-1.png,516929,7d3b00f55df0cf6fc59bf63dbb32b200b597489847b72f022fd8031c3bc80bca
03_웹게시용자료/downloads/go-pi-zero-main/manual-page-2.png,269714,0d58c8202cb63ff0d5f9c0e92570cbbc5cc8578e49cd59729ee4693f2210cbab
03_웹게시용자료/downloads/go-pi-zero-main/manual-page-3.png,290652,fd7390bfaec33ddc794fcb966efb5d20430d2f19d04b7d2e5a64aa5c465f04d4
03_웹게시용자료/downloads/go-pi-zero-main/manual.pdf,813048,32461c87a9b4049da9fa2b0b7273208aa3c4973ea6efa4e966723082fc8a819c
03_웹게시용자료/downloads/go-pi-zero-main/product-back.png,333753,262d0dc073e98271ddc2bcebdeec9b05fbdb145d07e46c63579516bad1628cf2
03_웹게시용자료/downloads/go-pi-zero-main/product-front.png,243349,9213aca2f1e278a2354b5d6606afc173406ccca04b8c1a61a64273721abaf603
03_웹게시용자료/downloads/go-pi-zero-main/product-line.png,114845,c0c3241cdc5f8d0dcb6ed739c6c6dd7e0fa80e333c69a5e70145b837f0134466
03_웹게시용자료/downloads/go-pi-zero-main/release.json,1251,2d9eb0c2a6bb679fa09d57f42baeca3360aa5d0d6d6bbbd3f422fa4f1906fdea
03_웹게시용자료/downloads/go-rp2040-cb08/manual-page-1.png,570811,13f6e22735b6ab6ddd108ae08413c2e5fbb65190bf096fb0f5eb00daa692fdf7
03_웹게시용자료/downloads/go-rp2040-cb08/manual-page-2.png,370870,d3955ec15e344b6da18684232c8b5af0c5527c9743208b42c64ffb128ba27dd3
03_웹게시용자료/downloads/go-rp2040-cb08/manual-page-3.png,328510,4d7c1948f7603b6b242ddad8e32d40eb9d8886502f22c4805a01611e35d991fa
03_웹게시용자료/downloads/go-rp2040-cb08/manual.pdf,966197,626920a0c28c6bcfd262d976debc7a06d170e0cc7d599f1fcbcc35e65576f9d1
03_웹게시용자료/downloads/go-rp2040-cb08/product-back.png,373927,33de1950017798bd15338e8b21f87b0e0f74b19184e61a8c15ffebccdc77a3b2
03_웹게시용자료/downloads/go-rp2040-cb08/product-front.png,320619,3e3a4d2c03dd641f2dde3dad6257feb82d6b980a4d6a2f158dbfeed3ba917727
03_웹게시용자료/downloads/go-rp2040-cb08/product-line.png,149498,91f5d444f72e85479c485cebeeab4da2a634f1b1f6325790d683f4238ffbe00f
03_웹게시용자료/downloads/go-rp2040-cb08/release.json,1243,51daa0e26bc8c4f7ab12bb84c7bb578fe4f6beca6b28e885586feea7396b11d4
03_웹게시용자료/downloads/go-rp2350-cb04t04/manual-page-1.png,556696,f00413af190b4b7d19d032d46bbe57dc2fb8d23162af5518de94682f56a63951
03_웹게시용자료/downloads/go-rp2350-cb04t04/manual-page-2.png,331267,a9906685e988e8715d2ccf1eb284b776c6db83f35f51f58cd62ffdc3c64bc1f8
03_웹게시용자료/downloads/go-rp2350-cb04t04/manual-page-3.png,294661,9a933d6a61461365d9e9e32df78488d20e7647b8597718f72670beb09ff8040b
03_웹게시용자료/downloads/go-rp2350-cb04t04/manual-page-4.png,96657,8a4ef9086be0adaf6208d42765394a8cde114c7f2333d39490f8e891cc15cd0d
03_웹게시용자료/downloads/go-rp2350-cb04t04/manual.pdf,1055822,16d2cac35f34c1da818b85114ed4f9e2e0698264b531e0c09bbc7bc44992b412
03_웹게시용자료/downloads/go-rp2350-cb04t04/motor-temperature-relay-manual.pdf,26639848,9b0a70ebdaec7d592f93ad871bcf3158103146638a00711de187a65e6fab9009
03_웹게시용자료/downloads/go-rp2350-cb04t04/pcb-layout.pdf,3677871,474e9aa2b3dac864233741df4332a3902613fd695075f4178e8be04f071c4e53
03_웹게시용자료/downloads/go-rp2350-cb04t04/product-back.png,158524,e10088f2b5d49abac63cd6481b9aeb4989e5cc096ae1e7baacfbd606ba7a9392
03_웹게시용자료/downloads/go-rp2350-cb04t04/product-front.png,361895,0c39989d0815bb73ca907424d572f30646b71729743c13ee4983271f6afc65db
03_웹게시용자료/downloads/go-rp2350-cb04t04/product-line.png,142840,258f42e036144e9926d352ae95b80ba0195cfcf677f00a267aaa87e65d8989c2
03_웹게시용자료/downloads/go-rp2350-cb04t04/release.json,2014,46b95d6e49729581d110b56df8ec4c1402e50af19574022876d17fd07aa0821a
03_웹게시용자료/downloads/go-rp2350-cb04t04/schematic.pdf,155178,6090504e56356b76b2c79780b47dc4716c58952015a19eaed4625e6867bd5842
03_웹게시용자료/downloads/go-stage-rd8/manual-page-1.png,429080,94e7646d7021b172b80e4f0eac35cc1dc8f2a637cdc52ec2de657cf6c4fc05ca
03_웹게시용자료/downloads/go-stage-rd8/manual-page-2.png,251220,50b6554095f11f61ad9595aad51e831ae659dfbdc146fb9f74d031f92ab0b43b
03_웹게시용자료/downloads/go-stage-rd8/manual-page-3.png,171014,96f472db31162d739d27ef2355b9a55b0b1ecbc969fc5a931a4e8a083cdf75be
03_웹게시용자료/downloads/go-stage-rd8/manual.pdf,831122,210703fbf9805648abcd37a183248b37c31c0ab82c57c5de2098dd0da15accea
03_웹게시용자료/downloads/go-stage-rd8/product-back.png,137579,6c12e535aa82202709a6bab52c1b3b6d82133751ebd22cab19c06071992a77a4
03_웹게시용자료/downloads/go-stage-rd8/product-front.png,285522,d1d78f9bc337e7145478965d8e11818f933618b80e16f9b5e713f72b9063c574
03_웹게시용자료/downloads/go-stage-rd8/product-line.png,162277,6d9960c00857ecde10fa10e348fddbf399d52c62eb237c3d699482404072e989
03_웹게시용자료/downloads/go-stage-rd8/release.json,1227,5f95442f813e3ecd0e664f2d5b88076dd097c1a9795ad1fbc18857f3a9f83bec
03_웹게시용자료/downloads/go-stage-sw5/manual-page-1.png,473790,ea056ab7244534c111baf0ea41186cee96f6105798beb192fac231196fbd05b5
03_웹게시용자료/downloads/go-stage-sw5/manual-page-2.png,306969,9ce0ac9c198f2ca846a197fd1e095ed8d3144834f7037e1ac34205f52adc1619
03_웹게시용자료/downloads/go-stage-sw5/manual-page-3.png,207943,45316e07992eab9e6450dfbefb5a76e721b3fbf2d6e87af35b48a638dbfb29e1
03_웹게시용자료/downloads/go-stage-sw5/manual.pdf,882131,43b0a2797bcbd6e16f391dcad837104c84013413bb1fe636fdbd831e57b51e32
03_웹게시용자료/downloads/go-stage-sw5/product-back.png,96592,ecf3b3015be24b8b53bc6c2063065a37cf4caddd74dd2c05381f38abba9b63a1
03_웹게시용자료/downloads/go-stage-sw5/product-front.png,302747,646d8982fbd22b73f773e46c55896ce5849602282bd3b1ac836ebe6f7526810e
03_웹게시용자료/downloads/go-stage-sw5/product-line.png,113873,171f5d0c47fe04065b9d22ba04fd57e07506e5e9941b9a6a354cf41ecf26b27e
03_웹게시용자료/downloads/go-stage-sw5/release.json,1227,fa85ac6d691620afc25e8b385cf9f764b813a2fe5496264e15af26c683668216
03_웹게시용자료/downloads/go-sub-ad04/manual-page-1.png,438247,4c161a5c26962732fce892bcd535ae387b56d7ba335ef9e45e4dfd3324e7795e
03_웹게시용자료/downloads/go-sub-ad04/manual-page-2.png,227344,13b52e9b420ccd8f1a77d800a5906562afadfcfc48cf58f257c5006402f0e1fe
03_웹게시용자료/downloads/go-sub-ad04/manual-page-3.png,232352,a1460f1fec175cb249b778b850254196f5bb54a552cd3c7c18b12934a9340017
03_웹게시용자료/downloads/go-sub-ad04/manual.pdf,687440,80d049e9deab45970894fa775de65a1f16661cd88f4c8f13f722c5248939c7f3
03_웹게시용자료/downloads/go-sub-ad04/product-back.png,209733,3e28cdeaaf85499ac19640eddb8665b3bcc24d31de7cd4ae588628aa6963a900
03_웹게시용자료/downloads/go-sub-ad04/product-front.png,152728,4b303e91e9735b48640236f24592c6e952e70fcfd74c58e8cbfe8454be9a6ae4
03_웹게시용자료/downloads/go-sub-ad04/product-line.png,74665,dc45d5269a8834b8471d972cf58f7c9ddcbec524943b8dd11a4b4884a40cf04d
03_웹게시용자료/downloads/go-sub-ad04/release.json,1219,f6a20b2d9c690430291655f90cdeac7b7e976798b9751aaafcb591730b357e12
03_웹게시용자료/downloads/go-sub-cb08/manual-page-1.png,464416,c1b7220359ae73ae0a29560fc64bde1de6bd7d237c9b4f72d6b5ac039cd9cc93
03_웹게시용자료/downloads/go-sub-cb08/manual-page-2.png,229998,ce118bbee6086011075ea8a10bc03f0182091bab1a73d8d3004942d1f97e0469
03_웹게시용자료/downloads/go-sub-cb08/manual-page-3.png,296291,00f8c9d0b5b032c8865d14217113ddfce31b6709b75c1f91ad1c771da0d74920
03_웹게시용자료/downloads/go-sub-cb08/manual.pdf,740244,22d1286f6e5052adbff08a680c0d605a3d362e84d829b3aab6c6810f9c02f16f
03_웹게시용자료/downloads/go-sub-cb08/product-back.png,221536,28de5a10cc90630207463ffb357dd869ad7b94723baa32b559922983db9b4f37
03_웹게시용자료/downloads/go-sub-cb08/product-front.png,175657,185373e8c6a600a1ee3fb9f7e3142a706628fddd1d5267bb1dff6068be1fa0c0
03_웹게시용자료/downloads/go-sub-cb08/product-line.png,80783,4ee2cd39a48e966ebd5223bd43f5c891b367072d2a1052d9bf3fed5e14a90cde
03_웹게시용자료/downloads/go-sub-cb08/release.json,1219,7306d47e0316f0338345226d4705621edf999dfe52ca4cfe610643e6886501ba
03_웹게시용자료/downloads/go-sub-da04/manual-page-1.png,432773,f49dcbe9f7d90c1b5c58ca2d06e6a58e28f45ba458d79e2ab749d01c293eab83
03_웹게시용자료/downloads/go-sub-da04/manual-page-2.png,236083,1ce0c385893486a30d375a1f2e2526928c2f6c184f0176d5d4828be8c9cbd930
03_웹게시용자료/downloads/go-sub-da04/manual-page-3.png,247082,3c439315bacd637334a55fa585e8f616db9aa1a0af0eb4f3ba23c8af06364795
03_웹게시용자료/downloads/go-sub-da04/manual.pdf,704947,4d51457c57105759b42006c63ac655c119b80f699701bd1e073f14c916cb3cea
03_웹게시용자료/downloads/go-sub-da04/product-back.png,220104,2731ccb2f02d0779af8e74c6904cdc7c91dfb4c39641b5d620e76f3579b6cecb
03_웹게시용자료/downloads/go-sub-da04/product-front.png,158260,b9a470031b0a71f4cbcdfd0a15657af5dab9de41158f17a5e5c0c2d7fa582afe
03_웹게시용자료/downloads/go-sub-da04/product-line.png,75822,ae7bfd1ddc565eb1befb8bab005f3503f1b03dfcfc7c4a05bc144ca3ef4eec15
03_웹게시용자료/downloads/go-sub-da04/release.json,1219,fd3419659da7096d30a819176f1eb32b118583609e1855b123ea5605f11fd2ad
03_웹게시용자료/downloads/pi-io8r/manual.webp,139788,8e3112cf192df78ad288fb109e4d67a7a0c1ba3574e15066acef89f558107067
03_웹게시용자료/downloads/pi-io8r/schematic.webp,111846,e91f52bb4bf728870292c949f620b578ef71bf466c4e678f268c7378d7a1a96d
03_웹게시용자료/downloads/zpi-io8r/manual-image.pdf,585235,6e17749162c0575cd708441ee170cbf2a9ba4e10a1a69a9714340875b0d77bfa
03_웹게시용자료/downloads/zpi-io8r/manual-image.webp,142192,69e3890511b65eb05a3952f0742bd0598857204eb5279e3a94dd41546f475ed5
03_웹게시용자료/downloads/zpi-io8r/manual.pdf,805996,78b4cdce9ba0fa7c16a19bf34c0bebad3f9c2d36c995c9d681902dddae2427ab
03_웹게시용자료/downloads/zpi-io8r/release.json,720,c3449ef64aa596fd7d0774a800f15cfb7b891592acdc86157306600ffce9f167
03_웹게시용자료/downloads/zpi-io8r/schematic.png,1577905,31f53f41acfc65cf93bd7c9f7bd53a887a6558142596aea8b24747016d4e5002
03_웹게시용자료/downloads/zpi-io8r/schematic.webp,176974,67554e34db38be304d3a2435eebc87fd2e03cd5de21ad2356b79df428cd6d43b
03_웹게시용자료/index.html,2329,beb1368461d0f0fb01a9842cd88736918e6230dafb4f07fa2fd4e807033bb72f
03_웹게시용자료/product-links.csv,17855,de89b48fb3891772fc61754ff5fd7365fde1b59343f4883efbcf5bd3f72213ce
03_웹게시용자료/products.html,11110,f2d06e4f9766b4b03712b31c4e842f3acc1322df3aa43a959b8832820adf6f86
04_설명서편집원본/go-direct-main/all.html,27325,ba8bf329aa30f5a15d4cdf81cb7f2d1a90015eafac037682d7051893b492be6c
04_설명서편집원본/go-direct-main/line_refs.png,208658,114c4521d5c65635687fff4e08d47863a561aadaaa172eea7d91b1ecb794e2e3
04_설명서편집원본/go-direct-main/line_refs.svg,246475,6d8b0de6829aab439c93c0b5ccec8a1735ac71910bdda3a3a49b46426702a3b7
04_설명서편집원본/go-direct-main/p1.html,9970,b853edb6c6dee3a40810c64b40af46896650c94007368f2927b53719a48ddd1b
04_설명서편집원본/go-direct-main/p2.html,9514,d3a06c8ab955802865e15a63b91b3683fb9918c55a76ac895f1c60df440c0e0d
04_설명서편집원본/go-direct-main/p3.html,17439,4449d55be76710c594ec7c465992869499bcb01ff032212b0180e47556a6deba
04_설명서편집원본/go-direct-main/top_t.png,549271,746424b7710e8e7c06c8242fb60bfe753e939036655a3fb8cac1c35b56e576fc
04_설명서편집원본/go-direct-stage3/all.html,28930,49b4a0065ab184b1e3146b9395ef87743f258f5fc5eea3cb4b66f5ca8541208c
04_설명서편집원본/go-direct-stage3/line_refs.png,179881,5457295c087cd8b637de64cea6c58183c84d619f1b2dfc8707d6ecd307d5a4d9
04_설명서편집원본/go-direct-stage3/line_refs.svg,215053,91612b727037429bfcf41f7ccb282a51847fcdb5c358be132c798f4d0b2f6f1b
04_설명서편집원본/go-direct-stage3/p1.html,9119,501827fa10148de53f3d021af52298b6ae6858e9cc23c1563532b921c3ec86e3
04_설명서편집원본/go-direct-stage3/p2.html,8981,f050f62ba0f1823f264bdca0f81a1b229014ffbadd63283fad584bb80747563d
04_설명서편집원본/go-direct-stage3/p3.html,20428,649409d8d1693610372df5e87d1cb4c7fcb03ac15716ebbbe5df737a632a99f7
04_설명서편집원본/go-direct-stage3/top_t.png,426848,d70aeea601ec3418381aefeba757ceb12e2528b84a91db813b72e4c6aee0f420
04_설명서편집원본/go-pcf8574-sen08/all.html,20204,8c49e8f0b8cf1e21c41a78bf709b88294413fae9974aad14f409fec8f89d286c
04_설명서편집원본/go-pcf8574-sen08/line_refs.png,96345,ee3bf3f51682ad62685bdc0e3666dc269b0da0c55cf603fdea2620639ca88ed5
04_설명서편집원본/go-pcf8574-sen08/line_refs.svg,107853,d776fe2b096bd522c68f871c209c3e949c1c51057adb275784bab46bc60917f8
04_설명서편집원본/go-pcf8574-sen08/p1.html,8389,5b132f6bd2ecf5a9f3414a94234f2e59a03dc7a347bed48a01f0f87de9286057
04_설명서편집원본/go-pcf8574-sen08/p2.html,8498,bbbbbf4842641697245b352662724318cdcaa89c0714eb730cb11b5bc4bb82fc
04_설명서편집원본/go-pcf8574-sen08/p3.html,12915,d26d091996d19590650c2fd30921fb28b0104ae7b383a05117a02966a1b7eb56
04_설명서편집원본/go-pcf8574-sen08/top_t.png,204836,8a348becc5e82036ca3a8addbdc4bf0bf166de697ca33e25ca02466932e8903a
04_설명서편집원본/go-pi-zero-main/all.html,24513,6667a2d3255f975549f2821433c15626b5735225e1da1eb1f814216f766f64c3
04_설명서편집원본/go-pi-zero-main/line_refs.png,120346,922f4af560f6492cc9f439c1f00146ef6bbd62184ff583140fe4210098ddd946
04_설명서편집원본/go-pi-zero-main/line_refs.svg,109044,48626946a8d70dfed4e434f905d0783610a3919ca11f06ba2d5ca4fd40ea8407
04_설명서편집원본/go-pi-zero-main/p1.html,9413,d1dd1699778e00da759bdfb99a8e629a45b28f850deb9859de2156badf0e06a8
04_설명서편집원본/go-pi-zero-main/p2.html,8032,f7b57fdda4c9a0335fca5668d5f54a5db121ce285668ec124319344a740154f3
04_설명서편집원본/go-pi-zero-main/p3.html,16666,4724dd906be546a07532b0254a75a60561875c4215e4a94b823490427b1af3fa
04_설명서편집원본/go-pi-zero-main/top_t.png,281353,6b198d617fbccd0d42e35e136714ef45ca08c0086f5c6bc81fa3147b517250b8
04_설명서편집원본/go-rp2040-cb08/all.html,34198,4dec204809a055457401299f805ccadd114eceed34dc3a71b59051818c31d279
04_설명서편집원본/go-rp2040-cb08/line_refs.png,157225,43fcb94580d33cc93c8900b9ff22e462fd7aa6fa46716c638bc3f123acfab337
04_설명서편집원본/go-rp2040-cb08/line_refs.svg,133403,0c84d48a4076c0f630553f5392ab7a9b94515673b40499e3e82143cff76b0454
04_설명서편집원본/go-rp2040-cb08/p1.html,9563,074e24e311a3d7d61cdc503d0782d4151ac882a53ae37d8e1968000523f2f657
04_설명서편집원본/go-rp2040-cb08/p2.html,9398,c7ecbcf7628b9d1e14264fbd03eef562c94766b8f8a99cc752d03e02e1bb95a3
04_설명서편집원본/go-rp2040-cb08/p3.html,24835,f65e7801507a3be3bc95168a48fa8b145ae94783257caca6578cc3714cac9a54
04_설명서편집원본/go-rp2040-cb08/p4.html,7401,fcdd82dac64db0cfdad25454f8b7d3c465501613d83d860961d32c8b47e6fd91
04_설명서편집원본/go-rp2040-cb08/top_t.png,361888,8a70c6b0508b0607389152414ddd615721c1cbf71d52b6c4dd2992838c2010a7
04_설명서편집원본/go-rp2350-cb04t04/all.html,33615,46e19a02c7385367d01c6c8cd35e415f690181d763bce9d7a72a64f5e2737792
04_설명서편집원본/go-rp2350-cb04t04/line_refs.png,147938,408d26b8da39d79f6d5e730657e5969b81e518a02b19988f85d964c43d20d100
04_설명서편집원본/go-rp2350-cb04t04/line_refs.svg,237450,8055af19f93ad28669f1868ff7432ff412867336c51f1adf1864205d12e8e23a
04_설명서편집원본/go-rp2350-cb04t04/p1.html,9027,7206243569b7b03e3690a50f48ba01ab8037b7a890de5c274d0d2deecfd349a4
04_설명서편집원본/go-rp2350-cb04t04/p2.html,8832,c2ca1d31a5c1ce166fa8514589af1706dac51dc6c667b6f9ffd06f987002fe1a
04_설명서편집원본/go-rp2350-cb04t04/p3.html,22153,be388778b95c3222c9664d7bc17b068e73bb567820676e0d7bf2945d403e0e9e
04_설명서편집원본/go-rp2350-cb04t04/p4.html,8028,91d1c986718d8b16b39e7f969ae3bc87af824aef80eec125649801311f9fbf3a
04_설명서편집원본/go-rp2350-cb04t04/top_t.png,397292,920cdddf2636c95676ad54217be05f076853a0c6ba410116714e08a229585c58
04_설명서편집원본/go-stage-rd8/all.html,20662,0ad46cdd90e44969d5ca0181589eefdd95b8ba1fe5f8598c1a79685fd1f8c363
04_설명서편집원본/go-stage-rd8/line_refs.png,164370,1c4222995b5330f10a64565b096db7240da46eb79507fffe7d1aded700dc6516
04_설명서편집원본/go-stage-rd8/line_refs.svg,140012,dc0f21a394dec2089c053d0b029bef7daaf01543254425065711942b5c0fdd10
04_설명서편집원본/go-stage-rd8/p1.html,8336,ecd22fcbc0e919d7595c87795cb523f339e1a72a2180a6e7b4131dcc911cd5e7
04_설명서편집원본/go-stage-rd8/p2.html,7406,811128ad9edc97d6e092da5af0b06664ff92fb932c7e0a90b1680b78a6781d84
04_설명서편집원본/go-stage-rd8/p3.html,14518,e245e6a6b3b0aad01adc91ae999a25aee08fc44ed127dc61d77efa09a98ed904
04_설명서편집원본/go-stage-rd8/top_t.png,323957,a267d6f79c10cd544a9252df5b0bd77ab1aa748eeb422e7680ce7e72814efc3a
04_설명서편집원본/go-stage-sw5/all.html,21438,03bff38dbc471d7a40deb65c5c0a276f5994b4bdf7587193979fc39f9f1325c3
04_설명서편집원본/go-stage-sw5/line_refs.png,118842,cb8d806c14991a2a8169903177c0df5bc938207d8bf63b2ad629a300ccfc9633
04_설명서편집원본/go-stage-sw5/line_refs.svg,195383,d2ff65d80e370e69e04e380054d302d93a0d7bc9571aa0ce10bb255dc09b4a3b
04_설명서편집원본/go-stage-sw5/p1.html,8900,6f55c2602d70ff6e90432862b975b78d7a670f2f0524c806576b14c574d465da
04_설명서편집원본/go-stage-sw5/p2.html,9867,690b5556a4098225f5583273381143964b57143bdb530f69c0a31be339a15e24
04_설명서편집원본/go-stage-sw5/p3.html,12269,6fe3e5049645a3aa3ea5dc0d5d752e6eb13286114e8639b9a6dbd6f6ec97ce66
04_설명서편집원본/go-stage-sw5/top_t.png,342073,6f8fd726e34bd5a4de4efc8b15d11609289060baafc145046f219d2303a7733e
04_설명서편집원본/go-sub-ad04/all.html,21442,5dfc30f92720fab1d341fcf275ed2fae0185625e0d87658bdb665271a5d741f8
04_설명서편집원본/go-sub-ad04/line_refs.png,78655,f1391a1cc8402888e3f8bf8c37baf6b71b18b9f88676090968ac61894bd1abf5
04_설명서편집원본/go-sub-ad04/line_refs.svg,72197,1678c007f123155165f0b835da8e0cc6158be7864e544daa56332934e9348db1
04_설명서편집원본/go-sub-ad04/p1.html,8992,503f2ffdc6cae45fdb7abaca26e8d84dd58d451bfcbe90106e3b08b4d253500b
04_설명서편집원본/go-sub-ad04/p2.html,8717,d777675422870d56fc9956ee86658613f1f67598d0248ad321399a7e626ff092
04_설명서편집원본/go-sub-ad04/p3.html,13331,56915bc12fd15ce8f23c6fc24fa373faa42d88da391ad1cdb3c737ccec0f7580
04_설명서편집원본/go-sub-ad04/top_t.png,172529,94aa6be28151b2ba3f2e63e2eb788dafd28056a43b72f7f8d07bc3c108225b4d
04_설명서편집원본/go-sub-cb08/all.html,31175,6eb5ea76184bd407a2e547bdd368a8f495deeb196a3b777e804de979987c222d
04_설명서편집원본/go-sub-cb08/line_refs.png,85042,9a6ac2a75dce301613657b721f1a845dc7dc13c3af26aef18123e2f6ff3d8e45
04_설명서편집원본/go-sub-cb08/line_refs.svg,95929,999a32d762ae76a64879a54f0e57b66f156c96ae6652c23917273a89df983094
04_설명서편집원본/go-sub-cb08/p1.html,9236,49f6ea3803b4fa8002397714bd7e4a7e4b79d5e192df4c8b26345bb59fdcf600
04_설명서편집원본/go-sub-cb08/p2.html,8648,65d0daf88118dcbedd13dc05acb67b1dd6105c80913be29c55bc9e13dc8c897c
04_설명서편집원본/go-sub-cb08/p3.html,22889,b6da8cac9cfa62b7241999fb571191b8eafe5bbb0be26a25a133ec4cb2f3aafe
04_설명서편집원본/go-sub-cb08/top_t.png,197338,a1cdc784fe8f61116b9af77bf01cef532a43302cacb2e2883d16442739aeef0b
04_설명서편집원본/go-sub-da04/all.html,21505,ff8f7ae2144464207eea4efed8127fbbbb2aafb9d268c6461e092b460fc18160
04_설명서편집원본/go-sub-da04/line_refs.png,79863,d0295f86dc2d90de64db0c625c5fbd516a92a568f2ae87cfa6e303d73dc9c96c
04_설명서편집원본/go-sub-da04/line_refs.svg,72205,55be507461642e76a229aafcf70785cf9faede3384c6000c5a6ebe41a0e24263
04_설명서편집원본/go-sub-da04/p1.html,8879,548106501128b5cc1e5378efbfc6c4ccca2f5a8a628126f68eb90349821953b0
04_설명서편집원본/go-sub-da04/p2.html,8759,602e3535d286a0aa1482684850040c23a27310cde28d174bd762d3061539179b
04_설명서편집원본/go-sub-da04/p3.html,13465,ee27465f8ec92f9d6523b907e56ca482263d9d35ddf689f285d1d08f5f608447
04_설명서편집원본/go-sub-da04/top_t.png,178344,0a85fb4b3dcda13ac83fb3f9550894efd8e30a678bc5bf99369c7ed0877695d1
04_설명서편집원본/읽어주세요.md,524,4817900cb63e7a024309b45096dcd7d1f0565a6f5db0c98be9df7f73381ca483
90_내부검토_게시금지/게시전_확인체크리스트.md,23715,a8520fb45b8ceee08789b927ac161415d06a2c85621cd21c28457c866d1a5ca7
90_내부검토_게시금지/원본_검토필요사항.md,26510,914113f59a4a7e6b571e25e229b897ba6129c20f577d9cf3a0d74892efc15040
90_내부검토_게시금지/제품별_임시사양_확인항목.json,24250,dbb5eaaf6d13e513419100f2372b230ebb0db27052ba382edb6f72a8ccb99bc1
전체다운로드링크.csv,17855,de89b48fb3891772fc61754ff5fd7365fde1b59343f4883efbcf5bd3f72213ce
제품목록.csv,5241,d5e6f7455e94694dc00f4bff46f0b7fbffe38a4532f5ace8f8daf996476b7db7
